"Search for loose diamonds","Search for loose diamonds"
"Filter","Filter"
"Begin search","Begin search"
"Filter functions","Filter functions"
"Clear","Clear"
"Advanced Filter","Advanced Filter"
"Laboratory","Laboratory"
"Search Results","Search Results"
"Color","Color"
"Clarity","Clarity"
"Cut","Cut"
"Carat","Carat"
"Comparison","Comparison"
"Recently Viewed","Recently Viewed"
"Choose a diamonds","Choose a diamonds"
"Diamond shape","Diamond shape"
"min","min"
"max","max"
"Color Grade:","Color Grade:"
"Ring search","Ring search"